,midi_filename,audio_filename,duration,Unnamed: 0
0,F:\MAPS\AkPnBsdf\MUS\MAPS_MUS-scn16_4_AkPnBsdf.mid,F:\MAPS\AkPnBsdf\MUS\MAPS_MUS-scn16_4_AkPnBsdf.wav,209.22183673469388,55.0
1,F:\MAPS\AkPnBsdf\MUS\MAPS_MUS-mond_1_AkPnBsdf.mid,F:\MAPS\AkPnBsdf\MUS\MAPS_MUS-mond_1_AkPnBsdf.wav,364.4842857142857,49.0
2,F:\MAPS\SptkBGAm\MUS\MAPS_MUS-burg_quelle_SptkBGAm.mid,F:\MAPS\SptkBGAm\MUS\MAPS_MUS-burg_quelle_SptkBGAm.wav,109.4328344671202,185.0
3,F:\MAPS\SptkBGCl\MUS\MAPS_MUS-muss_3_SptkBGCl.mid,F:\MAPS\SptkBGCl\MUS\MAPS_MUS-muss_3_SptkBGCl.wav,88.75675736961452,228.0
4,F:\MAPS\SptkBGCl\MUS\MAPS_MUS-bk_xmas4_SptkBGCl.mid,F:\MAPS\SptkBGCl\MUS\MAPS_MUS-bk_xmas4_SptkBGCl.wav,230.8533106575964,216.0
5,F:\MAPS\AkPnBcht\MUS\MAPS_MUS-bk_xmas5_AkPnBcht.mid,F:\MAPS\AkPnBcht\MUS\MAPS_MUS-bk_xmas5_AkPnBcht.wav,395.8281179138322,3.0
6,F:\MAPS\AkPnStgb\MUS\MAPS_MUS-bor_ps5_AkPnStgb.mid,F:\MAPS\AkPnStgb\MUS\MAPS_MUS-bor_ps5_AkPnStgb.wav,97.32378684807256,98.0
7,F:\MAPS\SptkBGAm\MUS\MAPS_MUS-bor_ps2_SptkBGAm.mid,F:\MAPS\SptkBGAm\MUS\MAPS_MUS-bor_ps2_SptkBGAm.wav,165.06598639455785,183.0
8,F:\MAPS\AkPnBsdf\MUS\MAPS_MUS-br_im5_AkPnBsdf.mid,F:\MAPS\AkPnBsdf\MUS\MAPS_MUS-br_im5_AkPnBsdf.wav,176.43605442176872,37.0
9,F:\MAPS\StbgTGd2\MUS\MAPS_MUS-mz_331_3_StbgTGd2.mid,F:\MAPS\StbgTGd2\MUS\MAPS_MUS-mz_331_3_StbgTGd2.wav,192.18240362811792,255.0
10,F:\MAPS\AkPnStgb\MUS\MAPS_MUS-ty_september_AkPnStgb.mid,F:\MAPS\AkPnStgb\MUS\MAPS_MUS-ty_september_AkPnStgb.wav,164.68596371882086,118.0
11,F:\MAPS\SptkBGCl\MUS\MAPS_MUS-bach_847_SptkBGCl.mid,F:\MAPS\SptkBGCl\MUS\MAPS_MUS-bach_847_SptkBGCl.wav,192.2557823129252,214.0
12,F:\MAPS\SptkBGCl\MUS\MAPS_MUS-liz_rhap09_SptkBGCl.mid,F:\MAPS\SptkBGCl\MUS\MAPS_MUS-liz_rhap09_SptkBGCl.wav,634.8644444444444,226.0
13,F:\MAPS\AkPnStgb\MUS\MAPS_MUS-bk_xmas1_AkPnStgb.mid,F:\MAPS\AkPnStgb\MUS\MAPS_MUS-bk_xmas1_AkPnStgb.wav,385.854126984127,95.0
14,F:\MAPS\AkPnBsdf\MUS\MAPS_MUS-muss_4_AkPnBsdf.mid,F:\MAPS\AkPnBsdf\MUS\MAPS_MUS-muss_4_AkPnBsdf.wav,170.7501133786848,51.0
15,F:\MAPS\AkPnStgb\MUS\MAPS_MUS-schuim-3_AkPnStgb.mid,F:\MAPS\AkPnStgb\MUS\MAPS_MUS-schuim-3_AkPnStgb.wav,315.3124943310657,113.0
16,F:\MAPS\StbgTGd2\MUS\MAPS_MUS-ty_maerz_StbgTGd2.mid,F:\MAPS\StbgTGd2\MUS\MAPS_MUS-ty_maerz_StbgTGd2.wav,137.06244897959184,268.0
17,F:\MAPS\AkPnBcht\MUS\MAPS_MUS-ty_juli_AkPnBcht.mid,F:\MAPS\AkPnBcht\MUS\MAPS_MUS-ty_juli_AkPnBcht.wav,114.54809523809524,28.0
18,F:\MAPS\AkPnCGdD\MUS\MAPS_MUS-liz_et5_AkPnCGdD.mid,F:\MAPS\AkPnCGdD\MUS\MAPS_MUS-liz_et5_AkPnCGdD.wav,193.0157142857143,78.0
19,F:\MAPS\AkPnStgb\MUS\MAPS_MUS-alb_esp2_AkPnStgb.mid,F:\MAPS\AkPnStgb\MUS\MAPS_MUS-alb_esp2_AkPnStgb.wav,127.4559410430839,90.0
20,F:\MAPS\SptkBGAm\MUS\MAPS_MUS-ty_september_SptkBGAm.mid,F:\MAPS\SptkBGAm\MUS\MAPS_MUS-ty_september_SptkBGAm.wav,164.68596371882086,209.0
21,F:\MAPS\SptkBGCl\MUS\MAPS_MUS-waldstein_3_SptkBGCl.mid,F:\MAPS\SptkBGCl\MUS\MAPS_MUS-waldstein_3_SptkBGCl.wav,581.4769387755102,239.0
22,F:\MAPS\AkPnCGdD\MUS\MAPS_MUS-schub_d960_3_AkPnCGdD.mid,F:\MAPS\AkPnCGdD\MUS\MAPS_MUS-schub_d960_3_AkPnCGdD.wav,234.55408163265307,85.0
23,F:\MAPS\SptkBGCl\MUS\MAPS_MUS-grieg_walzer_SptkBGCl.mid,F:\MAPS\SptkBGCl\MUS\MAPS_MUS-grieg_walzer_SptkBGCl.wav,110.44034013605442,224.0
24,F:\MAPS\StbgTGd2\MUS\MAPS_MUS-alb_se2_StbgTGd2.mid,F:\MAPS\StbgTGd2\MUS\MAPS_MUS-alb_se2_StbgTGd2.wav,238.97532879818596,240.0
25,F:\MAPS\AkPnStgb\MUS\MAPS_MUS-chpn-p10_AkPnStgb.mid,F:\MAPS\AkPnStgb\MUS\MAPS_MUS-chpn-p10_AkPnStgb.wav,25.806009070294785,100.0
26,F:\MAPS\AkPnStgb\MUS\MAPS_MUS-appass_3_AkPnStgb.mid,F:\MAPS\AkPnStgb\MUS\MAPS_MUS-appass_3_AkPnStgb.wav,467.12888888888887,93.0
27,F:\MAPS\StbgTGd2\MUS\MAPS_MUS-mz_333_3_StbgTGd2.mid,F:\MAPS\StbgTGd2\MUS\MAPS_MUS-mz_333_3_StbgTGd2.wav,349.7602494331066,258.0
28,F:\MAPS\AkPnCGdD\MUS\MAPS_MUS-alb_esp3_AkPnCGdD.mid,F:\MAPS\AkPnCGdD\MUS\MAPS_MUS-alb_esp3_AkPnCGdD.wav,175.26544217687075,61.0
29,F:\MAPS\SptkBGAm\MUS\MAPS_MUS-liz_et2_SptkBGAm.mid,F:\MAPS\SptkBGAm\MUS\MAPS_MUS-liz_et2_SptkBGAm.wav,320.7443990929705,198.0
30,F:\MAPS\AkPnBsdf\MUS\MAPS_MUS-chpn-p4_AkPnBsdf.mid,F:\MAPS\AkPnBsdf\MUS\MAPS_MUS-chpn-p4_AkPnBsdf.wav,104.27263038548752,41.0
31,F:\MAPS\AkPnCGdD\MUS\MAPS_MUS-br_im2_AkPnCGdD.mid,F:\MAPS\AkPnCGdD\MUS\MAPS_MUS-br_im2_AkPnCGdD.wav,162.9803628117914,64.0
32,F:\MAPS\AkPnCGdD\MUS\MAPS_MUS-chpn-p7_AkPnCGdD.mid,F:\MAPS\AkPnCGdD\MUS\MAPS_MUS-chpn-p7_AkPnCGdD.wav,39.44555555555556,72.0
33,F:\MAPS\AkPnCGdD\MUS\MAPS_MUS-chpn_op27_1_AkPnCGdD.mid,F:\MAPS\AkPnCGdD\MUS\MAPS_MUS-chpn_op27_1_AkPnCGdD.wav,291.8042403628118,75.0
34,F:\MAPS\AkPnBsdf\MUS\MAPS_MUS-bor_ps6_AkPnBsdf.mid,F:\MAPS\AkPnBsdf\MUS\MAPS_MUS-bor_ps6_AkPnBsdf.wav,115.03866213151927,36.0
35,F:\MAPS\AkPnCGdD\MUS\MAPS_MUS-bor_ps1_AkPnCGdD.mid,F:\MAPS\AkPnCGdD\MUS\MAPS_MUS-bor_ps1_AkPnCGdD.wav,261.02160997732426,63.0
36,F:\MAPS\AkPnStgb\MUS\MAPS_MUS-chpn-p16_AkPnStgb.mid,F:\MAPS\AkPnStgb\MUS\MAPS_MUS-chpn-p16_AkPnStgb.wav,62.73696145124717,101.0
37,F:\MAPS\AkPnBsdf\MUS\MAPS_MUS-appass_1_AkPnBsdf.mid,F:\MAPS\AkPnBsdf\MUS\MAPS_MUS-appass_1_AkPnBsdf.wav,560.6767800453515,33.0
38,F:\MAPS\SptkBGCl\MUS\MAPS_MUS-appass_1_SptkBGCl.mid,F:\MAPS\SptkBGCl\MUS\MAPS_MUS-appass_1_SptkBGCl.wav,560.6767800453515,213.0
39,F:\MAPS\SptkBGCl\MUS\MAPS_MUS-gra_esp_3_SptkBGCl.mid,F:\MAPS\SptkBGCl\MUS\MAPS_MUS-gra_esp_3_SptkBGCl.wav,191.0793424036281,223.0
40,F:\MAPS\AkPnBcht\MUS\MAPS_MUS-schu_143_1_AkPnBcht.mid,F:\MAPS\AkPnBcht\MUS\MAPS_MUS-schu_143_1_AkPnBcht.wav,749.9702947845805,24.0
41,F:\MAPS\SptkBGCl\MUS\MAPS_MUS-scn15_2_SptkBGCl.mid,F:\MAPS\SptkBGCl\MUS\MAPS_MUS-scn15_2_SptkBGCl.wav,59.23124716553288,233.0
42,F:\MAPS\SptkBGCl\MUS\MAPS_MUS-bk_xmas2_SptkBGCl.mid,F:\MAPS\SptkBGCl\MUS\MAPS_MUS-bk_xmas2_SptkBGCl.wav,401.2797052154195,215.0
43,F:\MAPS\SptkBGAm\MUS\MAPS_MUS-mond_2_SptkBGAm.mid,F:\MAPS\SptkBGAm\MUS\MAPS_MUS-mond_2_SptkBGAm.wav,126.69569160997732,202.0
44,F:\MAPS\AkPnBsdf\MUS\MAPS_MUS-alb_se7_AkPnBsdf.mid,F:\MAPS\AkPnBsdf\MUS\MAPS_MUS-alb_se7_AkPnBsdf.wav,154.18648526077098,32.0
45,F:\MAPS\AkPnStgb\MUS\MAPS_MUS-waldstein_1_AkPnStgb.mid,F:\MAPS\AkPnStgb\MUS\MAPS_MUS-waldstein_1_AkPnStgb.wav,620.9336054421768,119.0
46,F:\MAPS\AkPnBcht\MUS\MAPS_MUS-bach_846_AkPnBcht.mid,F:\MAPS\AkPnBcht\MUS\MAPS_MUS-bach_846_AkPnBcht.wav,228.05861678004536,1.0
47,F:\MAPS\SptkBGAm\MUS\MAPS_MUS-chpn_op33_4_SptkBGAm.mid,F:\MAPS\SptkBGAm\MUS\MAPS_MUS-chpn_op33_4_SptkBGAm.wav,316.78439909297055,191.0
48,F:\MAPS\StbgTGd2\MUS\MAPS_MUS-chpn-e01_StbgTGd2.mid,F:\MAPS\StbgTGd2\MUS\MAPS_MUS-chpn-e01_StbgTGd2.wav,112.9690022675737,245.0
49,F:\MAPS\AkPnBcht\MUS\MAPS_MUS-chpn-p13_AkPnBcht.mid,F:\MAPS\AkPnBcht\MUS\MAPS_MUS-chpn-p13_AkPnBcht.wav,155.48519274376417,5.0
50,F:\MAPS\AkPnCGdD\MUS\MAPS_MUS-chpn_op10_e12_AkPnCGdD.mid,F:\MAPS\AkPnCGdD\MUS\MAPS_MUS-chpn_op10_e12_AkPnCGdD.wav,141.26628117913833,74.0
51,F:\MAPS\SptkBGCl\MUS\MAPS_MUS-scn16_4_SptkBGCl.mid,F:\MAPS\SptkBGCl\MUS\MAPS_MUS-scn16_4_SptkBGCl.wav,209.22183673469388,236.0
52,F:\MAPS\SptkBGCl\MUS\MAPS_MUS-pathetique_1_SptkBGCl.mid,F:\MAPS\SptkBGCl\MUS\MAPS_MUS-pathetique_1_SptkBGCl.wav,561.5391383219954,231.0
53,F:\MAPS\AkPnCGdD\MUS\MAPS_MUS-chpn-p11-format0_AkPnCGdD.mid,F:\MAPS\AkPnCGdD\MUS\MAPS_MUS-chpn-p11-format0_AkPnCGdD.wav,32.77759637188208,66.0
54,F:\MAPS\AkPnBcht\MUS\MAPS_MUS-alb_se3_AkPnBcht.mid,F:\MAPS\AkPnBcht\MUS\MAPS_MUS-alb_se3_AkPnBcht.wav,250.0778231292517,0.0
55,F:\MAPS\SptkBGCl\MUS\MAPS_MUS-alb_esp6_SptkBGCl.mid,F:\MAPS\SptkBGCl\MUS\MAPS_MUS-alb_esp6_SptkBGCl.wav,154.32709750566897,212.0
56,F:\MAPS\AkPnStgb\MUS\MAPS_MUS-schumm-1_AkPnStgb.mid,F:\MAPS\AkPnStgb\MUS\MAPS_MUS-schumm-1_AkPnStgb.wav,269.7098185941043,114.0
57,F:\MAPS\AkPnStgb\MUS\MAPS_MUS-alb_se6_AkPnStgb.mid,F:\MAPS\AkPnStgb\MUS\MAPS_MUS-alb_se6_AkPnStgb.wav,240.68172335600903,92.0
58,F:\MAPS\SptkBGCl\MUS\MAPS_MUS-liz_et4_SptkBGCl.mid,F:\MAPS\SptkBGCl\MUS\MAPS_MUS-liz_et4_SptkBGCl.wav,117.15034013605442,225.0
59,F:\MAPS\AkPnStgb\MUS\MAPS_MUS-gra_esp_2_AkPnStgb.mid,F:\MAPS\AkPnStgb\MUS\MAPS_MUS-gra_esp_2_AkPnStgb.wav,209.9081859410431,105.0
60,F:\MAPS\AkPnBsdf\MUS\MAPS_MUS-grieg_butterfly_AkPnBsdf.mid,F:\MAPS\AkPnBsdf\MUS\MAPS_MUS-grieg_butterfly_AkPnBsdf.wav,100.21206349206348,43.0
61,F:\MAPS\SptkBGAm\MUS\MAPS_MUS-chpn_op7_2_SptkBGAm.mid,F:\MAPS\SptkBGAm\MUS\MAPS_MUS-chpn_op7_2_SptkBGAm.wav,161.62068027210884,192.0
62,F:\MAPS\AkPnBcht\MUS\MAPS_MUS-hay_40_1_AkPnBcht.mid,F:\MAPS\AkPnBcht\MUS\MAPS_MUS-hay_40_1_AkPnBcht.wav,396.8679818594104,19.0
63,F:\MAPS\SptkBGAm\MUS\MAPS_MUS-ty_oktober_SptkBGAm.mid,F:\MAPS\SptkBGAm\MUS\MAPS_MUS-ty_oktober_SptkBGAm.wav,193.42068027210885,208.0
64,F:\MAPS\AkPnBsdf\MUS\MAPS_MUS-alb_se4_AkPnBsdf.mid,F:\MAPS\AkPnBsdf\MUS\MAPS_MUS-alb_se4_AkPnBsdf.wav,219.08614512471652,31.0
65,F:\MAPS\AkPnBsdf\MUS\MAPS_MUS-bach_850_AkPnBsdf.mid,F:\MAPS\AkPnBsdf\MUS\MAPS_MUS-bach_850_AkPnBsdf.wav,175.47319727891156,34.0
66,F:\MAPS\AkPnBsdf\MUS\MAPS_MUS-liz_rhap10_AkPnBsdf.mid,F:\MAPS\AkPnBsdf\MUS\MAPS_MUS-liz_rhap10_AkPnBsdf.wav,284.4521088435374,48.0
67,F:\MAPS\SptkBGAm\MUS\MAPS_MUS-liz_et1_SptkBGAm.mid,F:\MAPS\SptkBGAm\MUS\MAPS_MUS-liz_et1_SptkBGAm.wav,289.3907029478458,197.0
68,F:\MAPS\AkPnBcht\MUS\MAPS_MUS-chpn-p8_AkPnBcht.mid,F:\MAPS\AkPnBcht\MUS\MAPS_MUS-chpn-p8_AkPnBcht.wav,91.15083900226756,11.0
69,F:\MAPS\AkPnCGdD\MUS\MAPS_MUS-alb_esp2_AkPnCGdD.mid,F:\MAPS\AkPnCGdD\MUS\MAPS_MUS-alb_esp2_AkPnCGdD.wav,127.45591836734694,60.0
70,F:\MAPS\AkPnBcht\MUS\MAPS_MUS-chpn-p4_AkPnBcht.mid,F:\MAPS\AkPnBcht\MUS\MAPS_MUS-chpn-p4_AkPnBcht.wav,104.27265306122447,10.0
71,F:\MAPS\StbgTGd2\MUS\MAPS_MUS-deb_menu_StbgTGd2.mid,F:\MAPS\StbgTGd2\MUS\MAPS_MUS-deb_menu_StbgTGd2.wav,251.36020408163265,248.0
72,F:\MAPS\SptkBGCl\MUS\MAPS_MUS-ty_november_SptkBGCl.mid,F:\MAPS\SptkBGCl\MUS\MAPS_MUS-ty_november_SptkBGCl.wav,177.8949433106576,238.0
73,F:\MAPS\SptkBGCl\MUS\MAPS_MUS-mond_2_SptkBGCl.mid,F:\MAPS\SptkBGCl\MUS\MAPS_MUS-mond_2_SptkBGCl.wav,126.69569160997732,227.0
74,F:\MAPS\AkPnStgb\MUS\MAPS_MUS-schumm-3_AkPnStgb.mid,F:\MAPS\AkPnStgb\MUS\MAPS_MUS-schumm-3_AkPnStgb.wav,106.95591836734694,115.0
75,F:\MAPS\StbgTGd2\MUS\MAPS_MUS-mz_311_1_StbgTGd2.mid,F:\MAPS\StbgTGd2\MUS\MAPS_MUS-mz_311_1_StbgTGd2.wav,262.03680272108846,253.0
76,F:\MAPS\StbgTGd2\MUS\MAPS_MUS-scn15_11_StbgTGd2.mid,F:\MAPS\StbgTGd2\MUS\MAPS_MUS-scn15_11_StbgTGd2.wav,78.90571428571428,264.0
77,F:\MAPS\AkPnBcht\MUS\MAPS_MUS-chpn-p24_AkPnBcht.mid,F:\MAPS\AkPnBcht\MUS\MAPS_MUS-chpn-p24_AkPnBcht.wav,125.21879818594104,8.0
78,F:\MAPS\StbgTGd2\MUS\MAPS_MUS-bk_xmas4_StbgTGd2.mid,F:\MAPS\StbgTGd2\MUS\MAPS_MUS-bk_xmas4_StbgTGd2.wav,230.85333333333327,242.0
79,F:\MAPS\AkPnBcht\MUS\MAPS_MUS-mz_331_2_AkPnBcht.mid,F:\MAPS\AkPnBcht\MUS\MAPS_MUS-mz_331_2_AkPnBcht.wav,367.6289795918368,21.0
80,F:\MAPS\SptkBGCl\MUS\MAPS_MUS-scn16_2_SptkBGCl.mid,F:\MAPS\SptkBGCl\MUS\MAPS_MUS-scn16_2_SptkBGCl.wav,442.3171201814058,235.0
81,F:\MAPS\SptkBGCl\MUS\MAPS_MUS-chpn-p2_SptkBGCl.mid,F:\MAPS\SptkBGCl\MUS\MAPS_MUS-chpn-p2_SptkBGCl.wav,118.07732426303856,219.0
82,F:\MAPS\SptkBGCl\MUS\MAPS_MUS-mz_330_1_SptkBGCl.mid,F:\MAPS\SptkBGCl\MUS\MAPS_MUS-mz_330_1_SptkBGCl.wav,539.9878231292518,229.0
83,F:\MAPS\AkPnStgb\MUS\MAPS_MUS-ty_januar_AkPnStgb.mid,F:\MAPS\AkPnStgb\MUS\MAPS_MUS-ty_januar_AkPnStgb.wav,283.70097505668934,117.0
84,F:\MAPS\SptkBGAm\MUS\MAPS_MUS-br_im2_SptkBGAm.mid,F:\MAPS\SptkBGAm\MUS\MAPS_MUS-br_im2_SptkBGAm.wav,162.98038548752834,184.0
85,F:\MAPS\SptkBGAm\MUS\MAPS_MUS-mendel_op62_5_SptkBGAm.mid,F:\MAPS\SptkBGAm\MUS\MAPS_MUS-mendel_op62_5_SptkBGAm.wav,159.26034013605442,200.0
86,F:\MAPS\AkPnCGdD\MUS\MAPS_MUS-liz_et_trans5_AkPnCGdD.mid,F:\MAPS\AkPnCGdD\MUS\MAPS_MUS-liz_et_trans5_AkPnCGdD.wav,197.5431972789116,80.0
87,F:\MAPS\AkPnBcht\MUS\MAPS_MUS-bach_847_AkPnBcht.mid,F:\MAPS\AkPnBcht\MUS\MAPS_MUS-bach_847_AkPnBcht.wav,192.25575963718825,2.0
88,F:\MAPS\SptkBGAm\MUS\MAPS_MUS-liz_et_trans4_SptkBGAm.mid,F:\MAPS\SptkBGAm\MUS\MAPS_MUS-liz_et_trans4_SptkBGAm.wav,375.3265306122449,199.0
89,F:\MAPS\SptkBGAm\MUS\MAPS_MUS-scn16_7_SptkBGAm.mid,F:\MAPS\SptkBGAm\MUS\MAPS_MUS-scn16_7_SptkBGAm.wav,126.24052154195012,206.0
90,F:\MAPS\AkPnBcht\MUS\MAPS_MUS-grieg_walzer_AkPnBcht.mid,F:\MAPS\AkPnBcht\MUS\MAPS_MUS-grieg_walzer_AkPnBcht.wav,110.44034013605442,17.0
91,F:\MAPS\AkPnStgb\MUS\MAPS_MUS-schuim-1_AkPnStgb.mid,F:\MAPS\AkPnStgb\MUS\MAPS_MUS-schuim-1_AkPnStgb.wav,466.5884353741496,112.0
92,F:\MAPS\AkPnBsdf\MUS\MAPS_MUS-waldstein_1_AkPnBsdf.mid,F:\MAPS\AkPnBsdf\MUS\MAPS_MUS-waldstein_1_AkPnBsdf.wav,620.9335827664399,59.0
93,F:\MAPS\AkPnStgb\MUS\MAPS_MUS-chpn_op35_3_AkPnStgb.mid,F:\MAPS\AkPnStgb\MUS\MAPS_MUS-chpn_op35_3_AkPnStgb.wav,448.2390022675737,103.0
94,F:\MAPS\StbgTGd2\MUS\MAPS_MUS-mz_331_2_StbgTGd2.mid,F:\MAPS\StbgTGd2\MUS\MAPS_MUS-mz_331_2_StbgTGd2.wav,367.6289795918368,254.0
95,F:\MAPS\SptkBGCl\MUS\MAPS_MUS-chpn-p7_SptkBGCl.mid,F:\MAPS\SptkBGCl\MUS\MAPS_MUS-chpn-p7_SptkBGCl.wav,39.44555555555556,221.0
96,F:\MAPS\AkPnBcht\MUS\MAPS_MUS-chpn-p14_AkPnBcht.mid,F:\MAPS\AkPnBcht\MUS\MAPS_MUS-chpn-p14_AkPnBcht.wav,29.675668934240363,6.0
97,F:\MAPS\StbgTGd2\MUS\MAPS_MUS-bor_ps6_StbgTGd2.mid,F:\MAPS\StbgTGd2\MUS\MAPS_MUS-bor_ps6_StbgTGd2.wav,115.03866213151927,244.0
98,F:\MAPS\StbgTGd2\MUS\MAPS_MUS-scn16_3_StbgTGd2.mid,F:\MAPS\StbgTGd2\MUS\MAPS_MUS-scn16_3_StbgTGd2.wav,256.40814058956914,266.0
99,F:\MAPS\AkPnBcht\MUS\MAPS_MUS-schub_d760_1_AkPnBcht.mid,F:\MAPS\AkPnBcht\MUS\MAPS_MUS-schub_d760_1_AkPnBcht.wav,353.89675736961453,22.0
100,F:\MAPS\StbgTGd2\MUS\MAPS_MUS-liz_et6_StbgTGd2.mid,F:\MAPS\StbgTGd2\MUS\MAPS_MUS-liz_et6_StbgTGd2.wav,327.5102267573696,250.0
101,F:\MAPS\StbgTGd2\MUS\MAPS_MUS-mz_570_1_StbgTGd2.mid,F:\MAPS\StbgTGd2\MUS\MAPS_MUS-mz_570_1_StbgTGd2.wav,478.5040136054422,260.0
102,F:\MAPS\AkPnBsdf\MUS\MAPS_MUS-chpn-p19_AkPnBsdf.mid,F:\MAPS\AkPnBsdf\MUS\MAPS_MUS-chpn-p19_AkPnBsdf.wav,69.22471655328798,38.0
103,F:\MAPS\StbgTGd2\MUS\MAPS_MUS-chpn-p19_StbgTGd2.mid,F:\MAPS\StbgTGd2\MUS\MAPS_MUS-chpn-p19_StbgTGd2.wav,69.22471655328798,246.0
104,F:\MAPS\SptkBGAm\MUS\MAPS_MUS-chpn-e01_SptkBGAm.mid,F:\MAPS\SptkBGAm\MUS\MAPS_MUS-chpn-e01_SptkBGAm.wav,112.96902494331066,186.0
105,F:\MAPS\AkPnCGdD\MUS\MAPS_MUS-mendel_op53_5_AkPnCGdD.mid,F:\MAPS\AkPnCGdD\MUS\MAPS_MUS-mendel_op53_5_AkPnCGdD.wav,153.63507936507938,82.0
106,F:\MAPS\AkPnCGdD\MUS\MAPS_MUS-liz_rhap02_AkPnCGdD.mid,F:\MAPS\AkPnCGdD\MUS\MAPS_MUS-liz_rhap02_AkPnCGdD.wav,527.3949886621315,81.0
107,F:\MAPS\AkPnStgb\MUS\MAPS_MUS-bk_xmas2_AkPnStgb.mid,F:\MAPS\AkPnStgb\MUS\MAPS_MUS-bk_xmas2_AkPnStgb.wav,401.2797052154195,96.0
108,F:\MAPS\SptkBGCl\MUS\MAPS_MUS-chpn_op27_2_SptkBGCl.mid,F:\MAPS\SptkBGCl\MUS\MAPS_MUS-chpn_op27_2_SptkBGCl.wav,311.3044897959184,222.0
109,F:\MAPS\AkPnCGdD\MUS\MAPS_MUS-chpn-p11_AkPnCGdD.mid,F:\MAPS\AkPnCGdD\MUS\MAPS_MUS-chpn-p11_AkPnCGdD.wav,32.77759637188208,67.0
110,F:\MAPS\StbgTGd2\MUS\MAPS_MUS-mz_332_2_StbgTGd2.mid,F:\MAPS\StbgTGd2\MUS\MAPS_MUS-mz_332_2_StbgTGd2.wav,267.722947845805,256.0
111,F:\MAPS\AkPnBcht\MUS\MAPS_MUS-chp_op31_AkPnBcht.mid,F:\MAPS\AkPnBcht\MUS\MAPS_MUS-chp_op31_AkPnBcht.wav,516.5549433106576,14.0
112,F:\MAPS\AkPnStgb\MUS\MAPS_MUS-grieg_kobold_AkPnStgb.mid,F:\MAPS\AkPnStgb\MUS\MAPS_MUS-grieg_kobold_AkPnStgb.wav,86.95117913832199,106.0
113,F:\MAPS\AkPnCGdD\MUS\MAPS_MUS-chpn-p15_AkPnCGdD.mid,F:\MAPS\AkPnCGdD\MUS\MAPS_MUS-chpn-p15_AkPnCGdD.wav,274.60462585034014,70.0
114,F:\MAPS\AkPnBsdf\MUS\MAPS_MUS-chpn-p9_AkPnBsdf.mid,F:\MAPS\AkPnBsdf\MUS\MAPS_MUS-chpn-p9_AkPnBsdf.wav,91.2731746031746,42.0
115,F:\MAPS\StbgTGd2\MUS\MAPS_MUS-grieg_butterfly_StbgTGd2.mid,F:\MAPS\StbgTGd2\MUS\MAPS_MUS-grieg_butterfly_StbgTGd2.wav,100.21204081632654,249.0
116,F:\MAPS\StbgTGd2\MUS\MAPS_MUS-mz_333_2_StbgTGd2.mid,F:\MAPS\StbgTGd2\MUS\MAPS_MUS-mz_333_2_StbgTGd2.wav,524.6232653061224,257.0
117,F:\MAPS\StbgTGd2\MUS\MAPS_MUS-scn15_12_StbgTGd2.mid,F:\MAPS\StbgTGd2\MUS\MAPS_MUS-scn15_12_StbgTGd2.wav,85.75766439909297,265.0
118,F:\MAPS\StbgTGd2\MUS\MAPS_MUS-mz_545_3_StbgTGd2.mid,F:\MAPS\StbgTGd2\MUS\MAPS_MUS-mz_545_3_StbgTGd2.wav,107.76183673469389,259.0
119,F:\MAPS\AkPnStgb\MUS\MAPS_MUS-scn15_13_AkPnStgb.mid,F:\MAPS\AkPnStgb\MUS\MAPS_MUS-scn15_13_AkPnStgb.wav,79.96176870748299,116.0
120,F:\MAPS\AkPnBcht\MUS\MAPS_MUS-schumm-6_AkPnBcht.mid,F:\MAPS\AkPnBcht\MUS\MAPS_MUS-schumm-6_AkPnBcht.wav,315.4509297052154,23.0
121,F:\MAPS\StbgTGd2\MUS\MAPS_MUS-liz_et_trans5_StbgTGd2.mid,F:\MAPS\StbgTGd2\MUS\MAPS_MUS-liz_et_trans5_StbgTGd2.wav,196.42816326530613,251.0
122,F:\MAPS\SptkBGAm\MUS\MAPS_MUS-grieg_elfentanz_SptkBGAm.mid,F:\MAPS\SptkBGAm\MUS\MAPS_MUS-grieg_elfentanz_SptkBGAm.wav,56.705238095238094,195.0
123,F:\MAPS\StbgTGd2\MUS\MAPS_MUS-scn16_4_StbgTGd2.mid,F:\MAPS\StbgTGd2\MUS\MAPS_MUS-scn16_4_StbgTGd2.wav,209.22183673469388,267.0
124,F:\MAPS\AkPnCGdD\MUS\MAPS_MUS-chpn-p20_AkPnCGdD.mid,F:\MAPS\AkPnCGdD\MUS\MAPS_MUS-chpn-p20_AkPnCGdD.wav,88.88655328798185,71.0
125,F:\MAPS\AkPnBsdf\MUS\MAPS_MUS-ty_dezember_AkPnBsdf.mid,F:\MAPS\AkPnBsdf\MUS\MAPS_MUS-ty_dezember_AkPnBsdf.wav,240.64839002267573,56.0
126,F:\MAPS\StbgTGd2\MUS\MAPS_MUS-bk_xmas1_StbgTGd2.mid,F:\MAPS\StbgTGd2\MUS\MAPS_MUS-bk_xmas1_StbgTGd2.wav,385.8541043083901,241.0
127,F:\MAPS\AkPnBsdf\MUS\MAPS_MUS-chpn-p21_AkPnBsdf.mid,F:\MAPS\AkPnBsdf\MUS\MAPS_MUS-chpn-p21_AkPnBsdf.wav,104.92458049886622,40.0
128,F:\MAPS\AkPnBsdf\MUS\MAPS_MUS-mos_op36_6_AkPnBsdf.mid,F:\MAPS\AkPnBsdf\MUS\MAPS_MUS-mos_op36_6_AkPnBsdf.wav,151.68451247165532,50.0
129,F:\MAPS\AkPnBcht\MUS\MAPS_MUS-chpn_op25_e2_AkPnBcht.mid,F:\MAPS\AkPnBcht\MUS\MAPS_MUS-chpn_op25_e2_AkPnBcht.wav,91.2688888888889,12.0
130,F:\MAPS\SptkBGCl\MUS\MAPS_MUS-ty_februar_SptkBGCl.mid,F:\MAPS\SptkBGCl\MUS\MAPS_MUS-ty_februar_SptkBGCl.wav,164.1543537414966,237.0
131,F:\MAPS\AkPnCGdD\MUS\MAPS_MUS-grieg_kobold_AkPnCGdD.mid,F:\MAPS\AkPnCGdD\MUS\MAPS_MUS-grieg_kobold_AkPnCGdD.wav,86.95117913832199,77.0
132,F:\MAPS\AkPnBcht\MUS\MAPS_MUS-chpn-p12_AkPnBcht.mid,F:\MAPS\AkPnBcht\MUS\MAPS_MUS-chpn-p12_AkPnBcht.wav,59.13190476190477,4.0
133,F:\MAPS\SptkBGAm\MUS\MAPS_MUS-gra_esp_3_SptkBGAm.mid,F:\MAPS\SptkBGAm\MUS\MAPS_MUS-gra_esp_3_SptkBGAm.wav,191.07931972789115,194.0
134,F:\MAPS\SptkBGAm\MUS\MAPS_MUS-scn15_7_SptkBGAm.mid,F:\MAPS\SptkBGAm\MUS\MAPS_MUS-scn15_7_SptkBGAm.wav,130.79913832199546,204.0
135,F:\MAPS\AkPnBcht\MUS\MAPS_MUS-muss_5_AkPnBcht.mid,F:\MAPS\AkPnBcht\MUS\MAPS_MUS-muss_5_AkPnBcht.wav,102.44721088435374,20.0
136,F:\MAPS\SptkBGCl\MUS\MAPS_MUS-br_im5_SptkBGCl.mid,F:\MAPS\SptkBGCl\MUS\MAPS_MUS-br_im5_SptkBGCl.wav,176.43607709750566,217.0
137,F:\MAPS\SptkBGCl\MUS\MAPS_MUS-chpn-p6_SptkBGCl.mid,F:\MAPS\SptkBGCl\MUS\MAPS_MUS-chpn-p6_SptkBGCl.wav,92.95360544217688,220.0
138,F:\MAPS\AkPnStgb\MUS\MAPS_MUS-mz_333_1_AkPnStgb.mid,F:\MAPS\AkPnStgb\MUS\MAPS_MUS-mz_333_1_AkPnStgb.wav,693.5837414965987,110.0
139,F:\MAPS\AkPnStgb\MUS\MAPS_MUS-bach_847_AkPnStgb.mid,F:\MAPS\AkPnStgb\MUS\MAPS_MUS-bach_847_AkPnStgb.wav,192.2557823129252,94.0
140,F:\MAPS\AkPnBcht\MUS\MAPS_MUS-ty_mai_AkPnBcht.mid,F:\MAPS\AkPnBcht\MUS\MAPS_MUS-ty_mai_AkPnBcht.wav,194.0467573696145,29.0
141,F:\MAPS\AkPnStgb\MUS\MAPS_MUS-bk_xmas3_AkPnStgb.mid,F:\MAPS\AkPnStgb\MUS\MAPS_MUS-bk_xmas3_AkPnStgb.wav,500.2933560090703,97.0
142,F:\MAPS\AkPnBcht\MUS\MAPS_MUS-gra_esp_4_AkPnBcht.mid,F:\MAPS\AkPnBcht\MUS\MAPS_MUS-gra_esp_4_AkPnBcht.wav,284.878231292517,15.0
143,F:\MAPS\AkPnBsdf\MUS\MAPS_MUS-ty_juli_AkPnBsdf.mid,F:\MAPS\AkPnBsdf\MUS\MAPS_MUS-ty_juli_AkPnBsdf.wav,114.54809523809524,57.0
144,F:\MAPS\SptkBGAm\MUS\MAPS_MUS-alb_se8_SptkBGAm.mid,F:\MAPS\SptkBGAm\MUS\MAPS_MUS-alb_se8_SptkBGAm.wav,269.8515646258504,181.0
145,F:\MAPS\SptkBGAm\MUS\MAPS_MUS-scn16_5_SptkBGAm.mid,F:\MAPS\SptkBGAm\MUS\MAPS_MUS-scn16_5_SptkBGAm.wav,196.8325850340136,205.0
146,F:\MAPS\AkPnCGdD\MUS\MAPS_MUS-liz_et6_AkPnCGdD.mid,F:\MAPS\AkPnCGdD\MUS\MAPS_MUS-liz_et6_AkPnCGdD.wav,327.5102267573696,79.0
147,F:\MAPS\SptkBGAm\MUS\MAPS_MUS-schumm-2_SptkBGAm.mid,F:\MAPS\SptkBGAm\MUS\MAPS_MUS-schumm-2_SptkBGAm.wav,322.94643990929706,203.0
148,F:\MAPS\AkPnBcht\MUS\MAPS_MUS-chpn-p3_AkPnBcht.mid,F:\MAPS\AkPnBcht\MUS\MAPS_MUS-chpn-p3_AkPnBcht.wav,53.63766439909297,9.0
149,F:\MAPS\AkPnBsdf\MUS\MAPS_MUS-chpn-p1_AkPnBsdf.mid,F:\MAPS\AkPnBsdf\MUS\MAPS_MUS-chpn-p1_AkPnBsdf.wav,33.21768707482993,39.0
150,F:\MAPS\AkPnCGdD\MUS\MAPS_MUS-chp_op18_AkPnCGdD.mid,F:\MAPS\AkPnCGdD\MUS\MAPS_MUS-chp_op18_AkPnCGdD.wav,311.4016553287982,76.0
151,F:\MAPS\AkPnCGdD\MUS\MAPS_MUS-schu_143_2_AkPnCGdD.mid,F:\MAPS\AkPnCGdD\MUS\MAPS_MUS-schu_143_2_AkPnCGdD.wav,229.0326757369615,86.0
152,F:\MAPS\AkPnStgb\MUS\MAPS_MUS-liz_et2_AkPnStgb.mid,F:\MAPS\AkPnStgb\MUS\MAPS_MUS-liz_et2_AkPnStgb.wav,320.7443764172336,107.0
153,F:\MAPS\AkPnBcht\MUS\MAPS_MUS-scn16_2_AkPnBcht.mid,F:\MAPS\AkPnBcht\MUS\MAPS_MUS-scn16_2_AkPnBcht.wav,442.3171201814058,27.0
154,F:\MAPS\SptkBGAm\MUS\MAPS_MUS-deb_pass_SptkBGAm.mid,F:\MAPS\SptkBGAm\MUS\MAPS_MUS-deb_pass_SptkBGAm.wav,218.9772335600907,193.0
155,F:\MAPS\AkPnCGdD\MUS\MAPS_MUS-ty_februar_AkPnCGdD.mid,F:\MAPS\AkPnCGdD\MUS\MAPS_MUS-ty_februar_AkPnCGdD.wav,164.1543537414966,88.0
156,F:\MAPS\StbgTGd2\MUS\MAPS_MUS-liz_rhap09_StbgTGd2.mid,F:\MAPS\StbgTGd2\MUS\MAPS_MUS-liz_rhap09_StbgTGd2.wav,634.8644671201814,252.0
157,F:\MAPS\SptkBGAm\MUS\MAPS_MUS-mond_1_SptkBGAm.mid,F:\MAPS\SptkBGAm\MUS\MAPS_MUS-mond_1_SptkBGAm.wav,364.48430839002265,201.0
158,F:\MAPS\AkPnCGdD\MUS\MAPS_MUS-chpn-p13_AkPnCGdD.mid,F:\MAPS\AkPnCGdD\MUS\MAPS_MUS-chpn-p13_AkPnCGdD.wav,155.48521541950117,68.0
159,F:\MAPS\StbgTGd2\MUS\MAPS_MUS-schuim-1_StbgTGd2.mid,F:\MAPS\StbgTGd2\MUS\MAPS_MUS-schuim-1_StbgTGd2.wav,466.5884580498866,262.0
160,F:\MAPS\AkPnCGdD\MUS\MAPS_MUS-mz_333_2_AkPnCGdD.mid,F:\MAPS\AkPnCGdD\MUS\MAPS_MUS-mz_333_2_AkPnCGdD.wav,524.6232653061224,84.0
161,F:\MAPS\SptkBGAm\MUS\MAPS_MUS-chpn_op33_2_SptkBGAm.mid,F:\MAPS\SptkBGAm\MUS\MAPS_MUS-chpn_op33_2_SptkBGAm.wav,142.26321995464852,190.0
162,F:\MAPS\SptkBGCl\MUS\MAPS_MUS-alb_esp5_SptkBGCl.mid,F:\MAPS\SptkBGCl\MUS\MAPS_MUS-alb_esp5_SptkBGCl.wav,123.16891156462584,211.0
163,F:\MAPS\SptkBGCl\MUS\MAPS_MUS-scn15_5_SptkBGCl.mid,F:\MAPS\SptkBGCl\MUS\MAPS_MUS-scn15_5_SptkBGCl.wav,75.18165532879819,234.0
164,F:\MAPS\AkPnBsdf\MUS\MAPS_MUS-bk_xmas1_AkPnBsdf.mid,F:\MAPS\AkPnBsdf\MUS\MAPS_MUS-bk_xmas1_AkPnBsdf.wav,385.854126984127,35.0
165,F:\MAPS\SptkBGAm\MUS\MAPS_MUS-alb_esp2_SptkBGAm.mid,F:\MAPS\SptkBGAm\MUS\MAPS_MUS-alb_esp2_SptkBGAm.wav,127.4559410430839,180.0
166,F:\MAPS\AkPnBsdf\MUS\MAPS_MUS-grieg_elfentanz_AkPnBsdf.mid,F:\MAPS\AkPnBsdf\MUS\MAPS_MUS-grieg_elfentanz_AkPnBsdf.wav,55.387573696145125,44.0
167,F:\MAPS\AkPnCGdD\MUS\MAPS_MUS-bk_xmas5_AkPnCGdD.mid,F:\MAPS\AkPnCGdD\MUS\MAPS_MUS-bk_xmas5_AkPnCGdD.wav,395.8281179138322,62.0
168,F:\MAPS\AkPnStgb\MUS\MAPS_MUS-chp_op31_AkPnStgb.mid,F:\MAPS\AkPnStgb\MUS\MAPS_MUS-chp_op31_AkPnStgb.wav,516.5549433106576,104.0
169,F:\MAPS\AkPnBcht\MUS\MAPS_MUS-grieg_waechter_AkPnBcht.mid,F:\MAPS\AkPnBcht\MUS\MAPS_MUS-grieg_waechter_AkPnBcht.wav,148.62167800453514,16.0
170,F:\MAPS\AkPnBcht\MUS\MAPS_MUS-chpn-p1_AkPnBcht.mid,F:\MAPS\AkPnBcht\MUS\MAPS_MUS-chpn-p1_AkPnBcht.wav,33.21768707482993,7.0
171,F:\MAPS\AkPnBsdf\MUS\MAPS_MUS-ty_juni_AkPnBsdf.mid,F:\MAPS\AkPnBsdf\MUS\MAPS_MUS-ty_juni_AkPnBsdf.wav,234.0410657596372,58.0
172,F:\MAPS\SptkBGCl\MUS\MAPS_MUS-alb_esp2_SptkBGCl.mid,F:\MAPS\SptkBGCl\MUS\MAPS_MUS-alb_esp2_SptkBGCl.wav,127.45591836734694,210.0
173,F:\MAPS\AkPnBsdf\MUS\MAPS_MUS-mz_331_3_AkPnBsdf.mid,F:\MAPS\AkPnBsdf\MUS\MAPS_MUS-mz_331_3_AkPnBsdf.wav,192.18240362811792,53.0
174,F:\MAPS\AkPnBsdf\MUS\MAPS_MUS-grieg_wanderer_AkPnBsdf.mid,F:\MAPS\AkPnBsdf\MUS\MAPS_MUS-grieg_wanderer_AkPnBsdf.wav,102.84557823129252,46.0
175,F:\MAPS\AkPnCGdD\MUS\MAPS_MUS-chpn-p14_AkPnCGdD.mid,F:\MAPS\AkPnCGdD\MUS\MAPS_MUS-chpn-p14_AkPnCGdD.wav,29.6756462585034,69.0
176,F:\MAPS\AkPnBcht\MUS\MAPS_MUS-scn15_7_AkPnBcht.mid,F:\MAPS\AkPnBcht\MUS\MAPS_MUS-scn15_7_AkPnBcht.wav,130.79913832199546,26.0
177,F:\MAPS\StbgTGd2\MUS\MAPS_MUS-deb_clai_StbgTGd2.mid,F:\MAPS\StbgTGd2\MUS\MAPS_MUS-deb_clai_StbgTGd2.wav,250.28272108843535,247.0
178,F:\MAPS\AkPnCGdD\MUS\MAPS_MUS-waldstein_2_AkPnCGdD.mid,F:\MAPS\AkPnCGdD\MUS\MAPS_MUS-waldstein_2_AkPnCGdD.wav,248.5822902494331,89.0
179,F:\MAPS\AkPnBsdf\MUS\MAPS_MUS-mz_331_2_AkPnBsdf.mid,F:\MAPS\AkPnBsdf\MUS\MAPS_MUS-mz_331_2_AkPnBsdf.wav,367.6289795918368,52.0
180,F:\MAPS\AkPnCGdD\MUS\MAPS_MUS-br_im5_AkPnCGdD.mid,F:\MAPS\AkPnCGdD\MUS\MAPS_MUS-br_im5_AkPnCGdD.wav,176.43607709750566,65.0
181,F:\MAPS\AkPnStgb\MUS\MAPS_MUS-chpn_op27_2_AkPnStgb.mid,F:\MAPS\AkPnStgb\MUS\MAPS_MUS-chpn_op27_2_AkPnStgb.wav,311.9896598639456,102.0
182,F:\MAPS\SptkBGAm\MUS\MAPS_MUS-grieg_wanderer_SptkBGAm.mid,F:\MAPS\SptkBGAm\MUS\MAPS_MUS-grieg_wanderer_SptkBGAm.wav,101.3101133786848,196.0
183,F:\MAPS\AkPnBcht\MUS\MAPS_MUS-scn15_3_AkPnBcht.mid,F:\MAPS\AkPnBcht\MUS\MAPS_MUS-scn15_3_AkPnBcht.wav,33.85879818594104,25.0
184,F:\MAPS\SptkBGAm\MUS\MAPS_MUS-chpn_op25_e3_SptkBGAm.mid,F:\MAPS\SptkBGAm\MUS\MAPS_MUS-chpn_op25_e3_SptkBGAm.wav,106.57201814058956,189.0
185,F:\MAPS\AkPnStgb\MUS\MAPS_MUS-liz_et3_AkPnStgb.mid,F:\MAPS\AkPnStgb\MUS\MAPS_MUS-liz_et3_AkPnStgb.wav,246.36802721088435,108.0
186,F:\MAPS\SptkBGAm\MUS\MAPS_MUS-bach_846_SptkBGAm.mid,F:\MAPS\SptkBGAm\MUS\MAPS_MUS-bach_846_SptkBGAm.wav,228.0585941043084,182.0
187,F:\MAPS\AkPnCGdD\MUS\MAPS_MUS-scn16_4_AkPnCGdD.mid,F:\MAPS\AkPnCGdD\MUS\MAPS_MUS-scn16_4_AkPnCGdD.wav,209.22183673469388,87.0
188,F:\MAPS\SptkBGAm\MUS\MAPS_MUS-ty_mai_SptkBGAm.mid,F:\MAPS\SptkBGAm\MUS\MAPS_MUS-ty_mai_SptkBGAm.wav,194.04673469387757,207.0
189,F:\MAPS\AkPnBsdf\MUS\MAPS_MUS-mz_332_1_AkPnBsdf.mid,F:\MAPS\AkPnBsdf\MUS\MAPS_MUS-mz_332_1_AkPnBsdf.wav,573.3733333333333,54.0
190,F:\MAPS\SptkBGCl\MUS\MAPS_MUS-schub_d960_3_SptkBGCl.mid,F:\MAPS\SptkBGCl\MUS\MAPS_MUS-schub_d960_3_SptkBGCl.wav,234.55408163265307,232.0
191,F:\MAPS\AkPnBsdf\MUS\MAPS_MUS-liz_et6_AkPnBsdf.mid,F:\MAPS\AkPnBsdf\MUS\MAPS_MUS-liz_et6_AkPnBsdf.wav,327.5102267573696,47.0
192,F:\MAPS\AkPnStgb\MUS\MAPS_MUS-mond_3_AkPnStgb.mid,F:\MAPS\AkPnStgb\MUS\MAPS_MUS-mond_3_AkPnStgb.wav,412.86124716553286,109.0
193,F:\MAPS\SptkBGCl\MUS\MAPS_MUS-mz_331_1_SptkBGCl.mid,F:\MAPS\SptkBGCl\MUS\MAPS_MUS-mz_331_1_SptkBGCl.wav,833.8046258503401,230.0
194,F:\MAPS\StbgTGd2\MUS\MAPS_MUS-pathetique_1_StbgTGd2.mid,F:\MAPS\StbgTGd2\MUS\MAPS_MUS-pathetique_1_StbgTGd2.wav,561.5391156462586,261.0
195,F:\MAPS\AkPnBsdf\MUS\MAPS_MUS-grieg_halling_AkPnBsdf.mid,F:\MAPS\AkPnBsdf\MUS\MAPS_MUS-grieg_halling_AkPnBsdf.wav,51.53873015873016,45.0
196,F:\MAPS\AkPnCGdD\MUS\MAPS_MUS-chpn_op10_e01_AkPnCGdD.mid,F:\MAPS\AkPnCGdD\MUS\MAPS_MUS-chpn_op10_e01_AkPnCGdD.wav,112.96902494331066,73.0
197,F:\MAPS\SptkBGCl\MUS\MAPS_MUS-burg_perlen_SptkBGCl.mid,F:\MAPS\SptkBGCl\MUS\MAPS_MUS-burg_perlen_SptkBGCl.wav,86.28478458049887,218.0
198,F:\MAPS\AkPnBsdf\MUS\MAPS_MUS-alb_se3_AkPnBsdf.mid,F:\MAPS\AkPnBsdf\MUS\MAPS_MUS-alb_se3_AkPnBsdf.wav,250.07780045351475,30.0
199,F:\MAPS\AkPnStgb\MUS\MAPS_MUS-br_im6_AkPnStgb.mid,F:\MAPS\AkPnStgb\MUS\MAPS_MUS-br_im6_AkPnStgb.wav,141.23126984126984,99.0
200,F:\MAPS\StbgTGd2\MUS\MAPS_MUS-ty_mai_StbgTGd2.mid,F:\MAPS\StbgTGd2\MUS\MAPS_MUS-ty_mai_StbgTGd2.wav,194.04673469387757,269.0
201,F:\MAPS\StbgTGd2\MUS\MAPS_MUS-schu_143_3_StbgTGd2.mid,F:\MAPS\StbgTGd2\MUS\MAPS_MUS-schu_143_3_StbgTGd2.wav,328.8487528344671,263.0
202,F:\MAPS\AkPnBcht\MUS\MAPS_MUS-chpn_op66_AkPnBcht.mid,F:\MAPS\AkPnBcht\MUS\MAPS_MUS-chpn_op66_AkPnBcht.wav,275.0959410430839,13.0
203,F:\MAPS\SptkBGAm\MUS\MAPS_MUS-chpn_op10_e05_SptkBGAm.mid,F:\MAPS\SptkBGAm\MUS\MAPS_MUS-chpn_op10_e05_SptkBGAm.wav,93.87625850340136,188.0
204,F:\MAPS\StbgTGd2\MUS\MAPS_MUS-bk_xmas5_StbgTGd2.mid,F:\MAPS\StbgTGd2\MUS\MAPS_MUS-bk_xmas5_StbgTGd2.wav,395.8280952380952,243.0
205,F:\MAPS\AkPnCGdD\MUS\MAPS_MUS-muss_2_AkPnCGdD.mid,F:\MAPS\AkPnCGdD\MUS\MAPS_MUS-muss_2_AkPnCGdD.wav,273.63081632653063,83.0
206,F:\MAPS\AkPnBcht\MUS\MAPS_MUS-grieg_zwerge_AkPnBcht.mid,F:\MAPS\AkPnBcht\MUS\MAPS_MUS-grieg_zwerge_AkPnBcht.wav,155.51839002267573,18.0
207,F:\MAPS\AkPnStgb\MUS\MAPS_MUS-alb_esp4_AkPnStgb.mid,F:\MAPS\AkPnStgb\MUS\MAPS_MUS-alb_esp4_AkPnStgb.wav,193.36478458049888,91.0
208,F:\MAPS\AkPnStgb\MUS\MAPS_MUS-schub_d960_3_AkPnStgb.mid,F:\MAPS\AkPnStgb\MUS\MAPS_MUS-schub_d960_3_AkPnStgb.wav,234.55410430839,111.0
209,F:\MAPS\SptkBGAm\MUS\MAPS_MUS-chpn-p6_SptkBGAm.mid,F:\MAPS\SptkBGAm\MUS\MAPS_MUS-chpn-p6_SptkBGAm.wav,92.95360544217688,187.0
